target_name,Uniprot_id,FASTA,smiles,pkoff,source,Category
GnRHR,P30968,MANSASPEQNQNHCSAINNSIPLMQGNLPTLTLSGKIRVTVTFFLFLLSATFNASFLLKLQKWTQKKEKGKKLSRMKLLLKHLTLANLLETLIVMPLDGMWNITVQWYAGELLCKVLSYLKLFSMYAPAFMMVVISLDRSLAITRPLALKSNSKVGQSMVGLAWILSSVFAGPQLYIFRMIHLADSSGQTKVFSQCVTHCSFSQWWHQAFYNFFTFSCLFIIPLFIMLICNAKIIFTLTRVLHQDPHELQLNQSKNNIPRARLKTLKMTVAFATSFTVCWTPYYVLGIWYWFDPEMLNRLSDPVNHFFFLFAFLNPCFDPLIYGYFSL,CCNC(=O)[C@@H]1CCCN1C(=O)[C@H](CCCNC(=N)N)NC(=O)[C@H](CC(C)C)NC(=O)[C@@H](CC(C)C)NC(=O)[C@H](Cc1ccc(O)cc1)NC(=O)[C@H](CO)NC(=O)[C@H](Cc1c[nH]c2ccccc12)NC(=O)[C@H](Cc1c[nH]cn1)NC(=O)[C@@H]1CCC(=O)N1,1.522878745,10.1093/nar/gkad1004,GPCRs
GnRHR,P30968,MANSASPEQNQNHCSAINNSIPLMQGNLPTLTLSGKIRVTVTFFLFLLSATFNASFLLKLQKWTQKKEKGKKLSRMKLLLKHLTLANLLETLIVMPLDGMWNITVQWYAGELLCKVLSYLKLFSMYAPAFMMVVISLDRSLAITRPLALKSNSKVGQSMVGLAWILSSVFAGPQLYIFRMIHLADSSGQTKVFSQCVTHCSFSQWWHQAFYNFFTFSCLFIIPLFIMLICNAKIIFTLTRVLHQDPHELQLNQSKNNIPRARLKTLKMTVAFATSFTVCWTPYYVLGIWYWFDPEMLNRLSDPVNHFFFLFAFLNPCFDPLIYGYFSL,CC(C)CC(NC(=O)C(CCCCN)NC(=O)C(Cc1ccc(O)cc1)NC(=O)C(CO)NC(=O)C(Cc1c[nH]c2ccccc12)NC(=O)C(Cc1c[nH]cn1)NC(=O)C1CCC(=O)N1)C(=O)NC(CCCNC(=N)N)C(=O)N1CCCC1C(=O)NCC(N)=O,0.602059991,10.1093/nar/gkad1004,GPCRs
GnRHR,P30968,MANSASPEQNQNHCSAINNSIPLMQGNLPTLTLSGKIRVTVTFFLFLLSATFNASFLLKLQKWTQKKEKGKKLSRMKLLLKHLTLANLLETLIVMPLDGMWNITVQWYAGELLCKVLSYLKLFSMYAPAFMMVVISLDRSLAITRPLALKSNSKVGQSMVGLAWILSSVFAGPQLYIFRMIHLADSSGQTKVFSQCVTHCSFSQWWHQAFYNFFTFSCLFIIPLFIMLICNAKIIFTLTRVLHQDPHELQLNQSKNNIPRARLKTLKMTVAFATSFTVCWTPYYVLGIWYWFDPEMLNRLSDPVNHFFFLFAFLNPCFDPLIYGYFSL,CCNC(=O)C1CCCN1C(=O)C(CCCN=C(N)N)NC(=O)C(CC(C)C)NC(=O)C(C)NC(=O)C(Cc1ccc(O)cc1)NC(=O)C(CO)NC(=O)C(Cc1c[nH]c2ccccc12)NC(=O)C(Cc1cnc[nH]1)NC(=O)C1CCC(=O)N1,1.494850022,10.1093/nar/gkad1004,GPCRs
GnRHR,P30968,MANSASPEQNQNHCSAINNSIPLMQGNLPTLTLSGKIRVTVTFFLFLLSATFNASFLLKLQKWTQKKEKGKKLSRMKLLLKHLTLANLLETLIVMPLDGMWNITVQWYAGELLCKVLSYLKLFSMYAPAFMMVVISLDRSLAITRPLALKSNSKVGQSMVGLAWILSSVFAGPQLYIFRMIHLADSSGQTKVFSQCVTHCSFSQWWHQAFYNFFTFSCLFIIPLFIMLICNAKIIFTLTRVLHQDPHELQLNQSKNNIPRARLKTLKMTVAFATSFTVCWTPYYVLGIWYWFDPEMLNRLSDPVNHFFFLFAFLNPCFDPLIYGYFSL,CCNC(=O)[C@@H]1CCCN1C(=O)[C@H](CCCNC(=N)N)NC(=O)[C@H](CC(C)C)NC(=O)[C@@H](C)NC(=O)[C@H](Cc1ccc(O)cc1)NC(=O)[C@H](CO)NC(=O)[C@H](Cc1c[nH]c2ccccc12)NC(=O)[C@H](Cc1cnc[nH]1)NC(=O)[C@@H]1CCC(=O)N1,2,10.1093/nar/gkad1004,GPCRs
GnRHR,P30968,MANSASPEQNQNHCSAINNSIPLMQGNLPTLTLSGKIRVTVTFFLFLLSATFNASFLLKLQKWTQKKEKGKKLSRMKLLLKHLTLANLLETLIVMPLDGMWNITVQWYAGELLCKVLSYLKLFSMYAPAFMMVVISLDRSLAITRPLALKSNSKVGQSMVGLAWILSSVFAGPQLYIFRMIHLADSSGQTKVFSQCVTHCSFSQWWHQAFYNFFTFSCLFIIPLFIMLICNAKIIFTLTRVLHQDPHELQLNQSKNNIPRARLKTLKMTVAFATSFTVCWTPYYVLGIWYWFDPEMLNRLSDPVNHFFFLFAFLNPCFDPLIYGYFSL,CCNC(=O)[C@@H]1CCCN1C(=O)[C@H](CCCNC(=N)N)NC(=O)[C@H](CC(C)C)NC(=O)[C@@H](Cc1cn(Cc2ccccc2)cn1)NC(=O)[C@H](Cc1ccc(O)cc1)NC(=O)[C@H](CO)NC(=O)[C@H](Cc1c[nH]c2ccccc12)NC(=O)[C@H](Cc1cnc[nH]1)NC(=O)[C@@H]1CCC(=O)N1,1.698970004,10.1093/nar/gkad1004,GPCRs
GnRHR,P30968,MANSASPEQNQNHCSAINNSIPLMQGNLPTLTLSGKIRVTVTFFLFLLSATFNASFLLKLQKWTQKKEKGKKLSRMKLLLKHLTLANLLETLIVMPLDGMWNITVQWYAGELLCKVLSYLKLFSMYAPAFMMVVISLDRSLAITRPLALKSNSKVGQSMVGLAWILSSVFAGPQLYIFRMIHLADSSGQTKVFSQCVTHCSFSQWWHQAFYNFFTFSCLFIIPLFIMLICNAKIIFTLTRVLHQDPHELQLNQSKNNIPRARLKTLKMTVAFATSFTVCWTPYYVLGIWYWFDPEMLNRLSDPVNHFFFLFAFLNPCFDPLIYGYFSL,CC(C)C[C@H](NC(=O)CNC(=O)[C@H](Cc1ccc(O)cc1)NC(=O)[C@H](CO)NC(=O)[C@H](Cc1c[nH]c2ccccc12)NC(=O)[C@H](Cc1cnc[nH]1)NC(=O)[C@@H]1CCC(=O)N1)C(=O)N[C@@H](CCCNC(=N)N)C(=O)N1CCC[C@H]1C(=O)NCC(N)=O,0.359518563,10.1093/nar/gkad1004,GPCRs
GnRHR,P30968,MANSASPEQNQNHCSAINNSIPLMQGNLPTLTLSGKIRVTVTFFLFLLSATFNASFLLKLQKWTQKKEKGKKLSRMKLLLKHLTLANLLETLIVMPLDGMWNITVQWYAGELLCKVLSYLKLFSMYAPAFMMVVISLDRSLAITRPLALKSNSKVGQSMVGLAWILSSVFAGPQLYIFRMIHLADSSGQTKVFSQCVTHCSFSQWWHQAFYNFFTFSCLFIIPLFIMLICNAKIIFTLTRVLHQDPHELQLNQSKNNIPRARLKTLKMTVAFATSFTVCWTPYYVLGIWYWFDPEMLNRLSDPVNHFFFLFAFLNPCFDPLIYGYFSL,CC(C)C[C@H](NC(=O)[C@@H](Cc1cccc2ccccc12)NC(=O)[C@H](Cc1ccc(O)cc1)NC(=O)[C@H](CO)NC(=O)[C@H](Cc1c[nH]c2ccccc12)NC(=O)[C@H](Cc1cnc[nH]1)NC(=O)[C@@H]1CCC(=O)N1)C(=O)N[C@@H](CCCNC(=N)N)C(=O)N1CCC[C@H]1C(=O)NCC(N)=O,1.602059991,10.1093/nar/gkad1004,GPCRs
GnRHR,P30968,MANSASPEQNQNHCSAINNSIPLMQGNLPTLTLSGKIRVTVTFFLFLLSATFNASFLLKLQKWTQKKEKGKKLSRMKLLLKHLTLANLLETLIVMPLDGMWNITVQWYAGELLCKVLSYLKLFSMYAPAFMMVVISLDRSLAITRPLALKSNSKVGQSMVGLAWILSSVFAGPQLYIFRMIHLADSSGQTKVFSQCVTHCSFSQWWHQAFYNFFTFSCLFIIPLFIMLICNAKIIFTLTRVLHQDPHELQLNQSKNNIPRARLKTLKMTVAFATSFTVCWTPYYVLGIWYWFDPEMLNRLSDPVNHFFFLFAFLNPCFDPLIYGYFSL,CCNC(=O)[C@@H]1CCCN1C(=O)[C@H](CCCNC(=N)N)NC(=O)[C@H](CC(C)C)NC(=O)[C@@H](CC(C)C)NC(=O)[C@H](Cc1ccc(O)cc1)NC(=O)[C@H](CO)NC(=O)[C@H](Cc1c[nH]c2ccccc12)NC(=O)[C@H](Cc1c[nH]cn1)NC(=O)[C@@H]1CCC(=O)N1,1.420216403,10.1093/nar/gkad1004,GPCRs
GnRHR,P30968,MANSASPEQNQNHCSAINNSIPLMQGNLPTLTLSGKIRVTVTFFLFLLSATFNASFLLKLQKWTQKKEKGKKLSRMKLLLKHLTLANLLETLIVMPLDGMWNITVQWYAGELLCKVLSYLKLFSMYAPAFMMVVISLDRSLAITRPLALKSNSKVGQSMVGLAWILSSVFAGPQLYIFRMIHLADSSGQTKVFSQCVTHCSFSQWWHQAFYNFFTFSCLFIIPLFIMLICNAKIIFTLTRVLHQDPHELQLNQSKNNIPRARLKTLKMTVAFATSFTVCWTPYYVLGIWYWFDPEMLNRLSDPVNHFFFLFAFLNPCFDPLIYGYFSL,CC(C)CC(NC(=O)C(C)NC(=O)C(Cc1ccc(O)cc1)NC(=O)C(CO)NC(=O)C(Cc1c[nH]c2ccccc12)NC(=O)C(Cc1c[nH]cn1)NC(=O)C1CCC(=O)N1)C(=O)NC(CCCNC(=N)N)C(=O)N1CCCC1C(=O)NCC(N)=O,1.148741651,10.1093/nar/gkad1004,GPCRs
GnRHR,P30968,MANSASPEQNQNHCSAINNSIPLMQGNLPTLTLSGKIRVTVTFFLFLLSATFNASFLLKLQKWTQKKEKGKKLSRMKLLLKHLTLANLLETLIVMPLDGMWNITVQWYAGELLCKVLSYLKLFSMYAPAFMMVVISLDRSLAITRPLALKSNSKVGQSMVGLAWILSSVFAGPQLYIFRMIHLADSSGQTKVFSQCVTHCSFSQWWHQAFYNFFTFSCLFIIPLFIMLICNAKIIFTLTRVLHQDPHELQLNQSKNNIPRARLKTLKMTVAFATSFTVCWTPYYVLGIWYWFDPEMLNRLSDPVNHFFFLFAFLNPCFDPLIYGYFSL,CC(C)C[C@H](NC(=O)[C@@H](Cc1c[nH]c2ccccc12)NC(=O)[C@H](Cc1ccc(O)cc1)NC(=O)[C@H](CO)NC(=O)[C@H](Cc1c[nH]c2ccccc12)NC(=O)[C@H](Cc1c[nH]cn1)NC(=O)[C@@H]1CCC(=O)N1)C(=O)N[C@@H](CCCNC(=N)N)C(=O)N1CCC[C@H]1C(=O)NCC(N)=O,1.327902142,10.1093/nar/gkad1004,GPCRs
GnRHR,P30968,MANSASPEQNQNHCSAINNSIPLMQGNLPTLTLSGKIRVTVTFFLFLLSATFNASFLLKLQKWTQKKEKGKKLSRMKLLLKHLTLANLLETLIVMPLDGMWNITVQWYAGELLCKVLSYLKLFSMYAPAFMMVVISLDRSLAITRPLALKSNSKVGQSMVGLAWILSSVFAGPQLYIFRMIHLADSSGQTKVFSQCVTHCSFSQWWHQAFYNFFTFSCLFIIPLFIMLICNAKIIFTLTRVLHQDPHELQLNQSKNNIPRARLKTLKMTVAFATSFTVCWTPYYVLGIWYWFDPEMLNRLSDPVNHFFFLFAFLNPCFDPLIYGYFSL,CCNC(=O)C1CCCN1C(=O)C(CCCNC(=N)N)NC(=O)C(CC(C)C)NC(=O)CNC(=O)C(Cc1ccc(O)cc1)NC(=O)C(CO)NC(=O)C(Cc1c[nH]c2ccccc12)NC(=O)C(Cc1cnc[nH]1)NC(=O)C1CCC(=O)N1,1.187086643,10.1093/nar/gkad1004,GPCRs
GnRHR,P30968,MANSASPEQNQNHCSAINNSIPLMQGNLPTLTLSGKIRVTVTFFLFLLSATFNASFLLKLQKWTQKKEKGKKLSRMKLLLKHLTLANLLETLIVMPLDGMWNITVQWYAGELLCKVLSYLKLFSMYAPAFMMVVISLDRSLAITRPLALKSNSKVGQSMVGLAWILSSVFAGPQLYIFRMIHLADSSGQTKVFSQCVTHCSFSQWWHQAFYNFFTFSCLFIIPLFIMLICNAKIIFTLTRVLHQDPHELQLNQSKNNIPRARLKTLKMTVAFATSFTVCWTPYYVLGIWYWFDPEMLNRLSDPVNHFFFLFAFLNPCFDPLIYGYFSL,CCNC(=O)[C@@H]1CCCN1C(=O)[C@H](CCCNC(=N)N)NC(=O)[C@H](CC(C)C)NC(=O)[C@@H](Cc1c[nH]c2ccccc12)NC(=O)[C@H](Cc1ccc(O)cc1)NC(=O)[C@H](CO)NC(=O)[C@H](Cc1c[nH]c2ccccc12)NC(=O)[C@H](Cc1c[nH]cn1)NC(=O)[C@@H]1CCC(=O)N1,1.638272164,10.1093/nar/gkad1004,GPCRs
GnRHR,P30968,MANSASPEQNQNHCSAINNSIPLMQGNLPTLTLSGKIRVTVTFFLFLLSATFNASFLLKLQKWTQKKEKGKKLSRMKLLLKHLTLANLLETLIVMPLDGMWNITVQWYAGELLCKVLSYLKLFSMYAPAFMMVVISLDRSLAITRPLALKSNSKVGQSMVGLAWILSSVFAGPQLYIFRMIHLADSSGQTKVFSQCVTHCSFSQWWHQAFYNFFTFSCLFIIPLFIMLICNAKIIFTLTRVLHQDPHELQLNQSKNNIPRARLKTLKMTVAFATSFTVCWTPYYVLGIWYWFDPEMLNRLSDPVNHFFFLFAFLNPCFDPLIYGYFSL,CCNC(=O)[C@@H]1CCCN1C(=O)[C@H](CCCNC(=N)N)NC(=O)[C@H](CC(C)C)NC(=O)[C@@H](COC(C)(C)C)NC(=O)[C@H](Cc1ccc(O)cc1)NC(=O)[C@H](CO)NC(=O)[C@H](Cc1c[nH]c2ccccc12)NC(=O)[C@H](Cc1cnc[nH]1)NC(=O)[C@@H]1CCC(=O)N1,1.795880017,10.1093/nar/gkad1004,GPCRs
GnRHR,P30968,MANSASPEQNQNHCSAINNSIPLMQGNLPTLTLSGKIRVTVTFFLFLLSATFNASFLLKLQKWTQKKEKGKKLSRMKLLLKHLTLANLLETLIVMPLDGMWNITVQWYAGELLCKVLSYLKLFSMYAPAFMMVVISLDRSLAITRPLALKSNSKVGQSMVGLAWILSSVFAGPQLYIFRMIHLADSSGQTKVFSQCVTHCSFSQWWHQAFYNFFTFSCLFIIPLFIMLICNAKIIFTLTRVLHQDPHELQLNQSKNNIPRARLKTLKMTVAFATSFTVCWTPYYVLGIWYWFDPEMLNRLSDPVNHFFFLFAFLNPCFDPLIYGYFSL,CCNC(=O)[C@@H]1CCCN1C(=O)[C@H](CCCNC(=N)N)NC(=O)[C@H](CC(C)C)NC(=O)[C@@H](Cc1cn(Cc2ccccc2)cn1)NC(=O)[C@H](Cc1ccc(O)cc1)NC(=O)[C@H](CO)NC(=O)[C@H](Cc1c[nH]c2ccccc12)NC(=O)[C@H](Cc1cnc[nH]1)NC(=O)[C@@H]1CCC(=O)N1,2,10.1093/nar/gkad1004,GPCRs
GnRHR,P30968,MANSASPEQNQNHCSAINNSIPLMQGNLPTLTLSGKIRVTVTFFLFLLSATFNASFLLKLQKWTQKKEKGKKLSRMKLLLKHLTLANLLETLIVMPLDGMWNITVQWYAGELLCKVLSYLKLFSMYAPAFMMVVISLDRSLAITRPLALKSNSKVGQSMVGLAWILSSVFAGPQLYIFRMIHLADSSGQTKVFSQCVTHCSFSQWWHQAFYNFFTFSCLFIIPLFIMLICNAKIIFTLTRVLHQDPHELQLNQSKNNIPRARLKTLKMTVAFATSFTVCWTPYYVLGIWYWFDPEMLNRLSDPVNHFFFLFAFLNPCFDPLIYGYFSL,CC(C)C[C@@H](NC(=O)[C@H](CCCCN)NC(=O)[C@@H](Cc1ccc(O)cc1)NC(=O)[C@@H](CO)NC(=O)[C@@H](Cc1c[nH]c2ccccc12)NC(=O)[C@@H](Cc1c[nH]cn1)NC(=O)[C@H]1CCC(=O)N1)C(=O)N[C@H](CCCNC(=N)N)C(=O)N1CCC[C@@H]1C(=O)NCC(N)=O,1,10.1093/nar/gkad1004,GPCRs
GnRHR,P30968,MANSASPEQNQNHCSAINNSIPLMQGNLPTLTLSGKIRVTVTFFLFLLSATFNASFLLKLQKWTQKKEKGKKLSRMKLLLKHLTLANLLETLIVMPLDGMWNITVQWYAGELLCKVLSYLKLFSMYAPAFMMVVISLDRSLAITRPLALKSNSKVGQSMVGLAWILSSVFAGPQLYIFRMIHLADSSGQTKVFSQCVTHCSFSQWWHQAFYNFFTFSCLFIIPLFIMLICNAKIIFTLTRVLHQDPHELQLNQSKNNIPRARLKTLKMTVAFATSFTVCWTPYYVLGIWYWFDPEMLNRLSDPVNHFFFLFAFLNPCFDPLIYGYFSL,CC(C)C[C@H](NC(=O)[C@@H](COC(C)(C)C)NC(=O)[C@H](Cc1ccc(O)cc1)NC(=O)[C@H](CO)NC(=O)[C@H](Cc1c[nH]c2ccccc12)NC(=O)[C@H](Cc1cnc[nH]1)NC(=O)[C@@H]1CCC(=O)N1)C(=O)N[C@@H](CCCNC(=N)N)C(=O)N1CCC[C@H]1C(=O)NNC(N)=O,0.698970004,10.1093/nar/gkad1004,GPCRs
GnRHR,P30968,MANSASPEQNQNHCSAINNSIPLMQGNLPTLTLSGKIRVTVTFFLFLLSATFNASFLLKLQKWTQKKEKGKKLSRMKLLLKHLTLANLLETLIVMPLDGMWNITVQWYAGELLCKVLSYLKLFSMYAPAFMMVVISLDRSLAITRPLALKSNSKVGQSMVGLAWILSSVFAGPQLYIFRMIHLADSSGQTKVFSQCVTHCSFSQWWHQAFYNFFTFSCLFIIPLFIMLICNAKIIFTLTRVLHQDPHELQLNQSKNNIPRARLKTLKMTVAFATSFTVCWTPYYVLGIWYWFDPEMLNRLSDPVNHFFFLFAFLNPCFDPLIYGYFSL,CC(C)C[C@@H](NC(=O)[C@H](C)NC(=O)[C@@H](Cc1ccc(O)cc1)NC(=O)[C@@H](CO)NC(=O)[C@@H](Cc1c[nH]c2ccccc12)NC(=O)[C@@H](Cc1c[nH]cn1)NC(=O)[C@H]1CCC(=O)N1)C(=O)N[C@H](CCCNC(=N)N)C(=O)N1CCC[C@@H]1C(=O)NCC(N)=O,1.15490196,10.1093/nar/gkad1004,GPCRs
GnRHR,P30968,MANSASPEQNQNHCSAINNSIPLMQGNLPTLTLSGKIRVTVTFFLFLLSATFNASFLLKLQKWTQKKEKGKKLSRMKLLLKHLTLANLLETLIVMPLDGMWNITVQWYAGELLCKVLSYLKLFSMYAPAFMMVVISLDRSLAITRPLALKSNSKVGQSMVGLAWILSSVFAGPQLYIFRMIHLADSSGQTKVFSQCVTHCSFSQWWHQAFYNFFTFSCLFIIPLFIMLICNAKIIFTLTRVLHQDPHELQLNQSKNNIPRARLKTLKMTVAFATSFTVCWTPYYVLGIWYWFDPEMLNRLSDPVNHFFFLFAFLNPCFDPLIYGYFSL,CCNC(=O)[C@@H]1CCCN1C(=O)[C@H](CCCNC(=N)N)NC(=O)[C@H](CC(C)C)NC(=O)[C@@H](Cc1c[nH]c2ccccc12)NC(=O)[C@H](Cc1ccc(O)cc1)NC(=O)[C@H](CO)NC(=O)[C@H](Cc1c[nH]c2ccccc12)NC(=O)[C@H](Cc1c[nH]cn1)NC(=O)[C@@H]1CCC(=O)N1,2,10.1093/nar/gkad1004,GPCRs
GnRHR,P30968,MANSASPEQNQNHCSAINNSIPLMQGNLPTLTLSGKIRVTVTFFLFLLSATFNASFLLKLQKWTQKKEKGKKLSRMKLLLKHLTLANLLETLIVMPLDGMWNITVQWYAGELLCKVLSYLKLFSMYAPAFMMVVISLDRSLAITRPLALKSNSKVGQSMVGLAWILSSVFAGPQLYIFRMIHLADSSGQTKVFSQCVTHCSFSQWWHQAFYNFFTFSCLFIIPLFIMLICNAKIIFTLTRVLHQDPHELQLNQSKNNIPRARLKTLKMTVAFATSFTVCWTPYYVLGIWYWFDPEMLNRLSDPVNHFFFLFAFLNPCFDPLIYGYFSL,CC(C)C[C@H](NC(=O)[C@@H](Cc1cccc2ccccc12)NC(=O)[C@H](Cc1ccc(O)cc1)NC(=O)[C@H](CO)NC(=O)[C@H](Cc1c[nH]c2ccccc12)NC(=O)[C@H](Cc1cnc[nH]1)NC(=O)[C@@H]1CCC(=O)N1)C(=O)N[C@@H](CCCNC(=N)N)C(=O)N1CCC[C@H]1C(=O)NCC(N)=O,1.698970004,10.1093/nar/gkad1004,GPCRs
GnRHR,P30968,MANSASPEQNQNHCSAINNSIPLMQGNLPTLTLSGKIRVTVTFFLFLLSATFNASFLLKLQKWTQKKEKGKKLSRMKLLLKHLTLANLLETLIVMPLDGMWNITVQWYAGELLCKVLSYLKLFSMYAPAFMMVVISLDRSLAITRPLALKSNSKVGQSMVGLAWILSSVFAGPQLYIFRMIHLADSSGQTKVFSQCVTHCSFSQWWHQAFYNFFTFSCLFIIPLFIMLICNAKIIFTLTRVLHQDPHELQLNQSKNNIPRARLKTLKMTVAFATSFTVCWTPYYVLGIWYWFDPEMLNRLSDPVNHFFFLFAFLNPCFDPLIYGYFSL,CCNC(=O)[C@@H]1CCCN1C(=O)[C@H](CCCNC(=N)N)NC(=O)[C@H](CC(C)C)NC(=O)CNC(=O)[C@H](Cc1ccc(O)cc1)NC(=O)[C@H](CO)NC(=O)[C@H](Cc1c[nH]c2ccccc12)NC(=O)[C@H](Cc1cnc[nH]1)NC(=O)[C@@H]1CCC(=O)N1,1.698970004,10.1093/nar/gkad1004,GPCRs
GnRHR,P30968,MANSASPEQNQNHCSAINNSIPLMQGNLPTLTLSGKIRVTVTFFLFLLSATFNASFLLKLQKWTQKKEKGKKLSRMKLLLKHLTLANLLETLIVMPLDGMWNITVQWYAGELLCKVLSYLKLFSMYAPAFMMVVISLDRSLAITRPLALKSNSKVGQSMVGLAWILSSVFAGPQLYIFRMIHLADSSGQTKVFSQCVTHCSFSQWWHQAFYNFFTFSCLFIIPLFIMLICNAKIIFTLTRVLHQDPHELQLNQSKNNIPRARLKTLKMTVAFATSFTVCWTPYYVLGIWYWFDPEMLNRLSDPVNHFFFLFAFLNPCFDPLIYGYFSL,CC(C)C[C@H](NC(=O)CNC(=O)[C@H](Cc1ccc(O)cc1)NC(=O)[C@H](CO)NC(=O)[C@H](Cc1c[nH]c2ccccc12)NC(=O)[C@H](Cc1cnc[nH]1)NC(=O)[C@@H]1CCC(=O)N1)C(=O)N[C@@H](CCCNC(=N)N)C(=O)N1CCC[C@H]1C(=O)NCC(N)=O,0.698970004,10.1093/nar/gkad1004,GPCRs
GnRHR,P30968,MANSASPEQNQNHCSAINNSIPLMQGNLPTLTLSGKIRVTVTFFLFLLSATFNASFLLKLQKWTQKKEKGKKLSRMKLLLKHLTLANLLETLIVMPLDGMWNITVQWYAGELLCKVLSYLKLFSMYAPAFMMVVISLDRSLAITRPLALKSNSKVGQSMVGLAWILSSVFAGPQLYIFRMIHLADSSGQTKVFSQCVTHCSFSQWWHQAFYNFFTFSCLFIIPLFIMLICNAKIIFTLTRVLHQDPHELQLNQSKNNIPRARLKTLKMTVAFATSFTVCWTPYYVLGIWYWFDPEMLNRLSDPVNHFFFLFAFLNPCFDPLIYGYFSL,CC(C)C[C@H](NC(=O)[C@@H](Cc1c[nH]c2ccccc12)NC(=O)[C@H](Cc1ccc(O)cc1)NC(=O)[C@H](CO)NC(=O)[C@H](Cc1c[nH]c2ccccc12)NC(=O)[C@H](Cc1c[nH]cn1)NC(=O)[C@@H]1CCC(=O)N1)C(=O)N[C@@H](CCCNC(=N)N)C(=O)N1CCC[C@H]1C(=O)NCC(N)=O,1.522878745,10.1093/nar/gkad1004,GPCRs
GnRHR,P30968,MANSASPEQNQNHCSAINNSIPLMQGNLPTLTLSGKIRVTVTFFLFLLSATFNASFLLKLQKWTQKKEKGKKLSRMKLLLKHLTLANLLETLIVMPLDGMWNITVQWYAGELLCKVLSYLKLFSMYAPAFMMVVISLDRSLAITRPLALKSNSKVGQSMVGLAWILSSVFAGPQLYIFRMIHLADSSGQTKVFSQCVTHCSFSQWWHQAFYNFFTFSCLFIIPLFIMLICNAKIIFTLTRVLHQDPHELQLNQSKNNIPRARLKTLKMTVAFATSFTVCWTPYYVLGIWYWFDPEMLNRLSDPVNHFFFLFAFLNPCFDPLIYGYFSL,CCNC(=O)[C@@H]1CCCN1C(=O)[C@H](CCCNC(=N)N)NC(=O)[C@H](CC(C)C)NC(=O)[C@@H](COC(C)(C)C)NC(=O)[C@H](Cc1ccc(O)cc1)NC(=O)[C@H](CO)NC(=O)[C@H](Cc1c[nH]c2ccccc12)NC(=O)[C@H](Cc1cnc[nH]1)NC(=O)[C@@H]1CCC(=O)N1,2.045757491,10.1093/nar/gkad1004,GPCRs
GnRHR,P30968,MANSASPEQNQNHCSAINNSIPLMQGNLPTLTLSGKIRVTVTFFLFLLSATFNASFLLKLQKWTQKKEKGKKLSRMKLLLKHLTLANLLETLIVMPLDGMWNITVQWYAGELLCKVLSYLKLFSMYAPAFMMVVISLDRSLAITRPLALKSNSKVGQSMVGLAWILSSVFAGPQLYIFRMIHLADSSGQTKVFSQCVTHCSFSQWWHQAFYNFFTFSCLFIIPLFIMLICNAKIIFTLTRVLHQDPHELQLNQSKNNIPRARLKTLKMTVAFATSFTVCWTPYYVLGIWYWFDPEMLNRLSDPVNHFFFLFAFLNPCFDPLIYGYFSL,CC(C)C[C@H](NC(=O)[C@@H](COC(C)(C)C)NC(=O)[C@H](Cc1ccc(O)cc1)NC(=O)[C@H](CO)NC(=O)[C@H](Cc1c[nH]c2ccccc12)NC(=O)[C@H](Cc1cnc[nH]1)NC(=O)[C@@H]1CCC(=O)N1)C(=O)N[C@@H](CCCNC(=N)N)C(=O)N1CCC[C@H]1C(=O)NNC(N)=O,1.107905397,10.1093/nar/gkad1004,GPCRs
NK1R,P25103,MDNVLPVDSDLSPNISTNTSEPNQFVQPAWQIVLWAAAYTVIVVTSVVGNVVVMWIILAHKRMRTVTNYFLVNLAFAEASMAAFNTVVNFTYAVHNEWYYGLFYCKFHNFFPIAAVFASIYSMTAVAFDRYMAIIHPLQPRLSATATKVVICVIWVLALLLAFPQGYYSTTETMPSRVVCMIEWPEHPNKIYEKVYHICVTVLIYFLPLLVIGYAYTVVGITLWASEIPGDSSDRYHEQVSAKRKVVKMMIVVVCTFAICWLPFHIFFLLPYINPDLYLKKFIQQVYLAIMWLAMSSTMYNPIIYCCLNDRFRLGFKHAFRCCPFISAGDYEGLEMKSTRYLQTQGSVYKVSRLETTIST,CC(C)CC(NC(=O)CNC(=O)C(NC(=O)C(Cc1ccccc1)NC(=O)C(CCC(N)=O)NC(=O)C(CCCNC(=N)N)NC(=O)C(NC(=O)C(CCCNC(=N)N)NC(=O)C(CO)NC(=O)C(N)CCCNC(=N)N)C(C)O)C(C)C)C(N)=O,0.721246399,10.1093/nar/gkw1074,GPCRs
NK1R,P25103,MDNVLPVDSDLSPNISTNTSEPNQFVQPAWQIVLWAAAYTVIVVTSVVGNVVVMWIILAHKRMRTVTNYFLVNLAFAEASMAAFNTVVNFTYAVHNEWYYGLFYCKFHNFFPIAAVFASIYSMTAVAFDRYMAIIHPLQPRLSATATKVVICVIWVLALLLAFPQGYYSTTETMPSRVVCMIEWPEHPNKIYEKVYHICVTVLIYFLPLLVIGYAYTVVGITLWASEIPGDSSDRYHEQVSAKRKVVKMMIVVVCTFAICWLPFHIFFLLPYINPDLYLKKFIQQVYLAIMWLAMSSTMYNPIIYCCLNDRFRLGFKHAFRCCPFISAGDYEGLEMKSTRYLQTQGSVYKVSRLETTIST,CSCCC(NC(=O)C(CC(C)C)NC(=O)C1CCCN1C(=O)C(Cc1ccccc1)NC(=O)C(Cc1ccccc1)NC(=O)C1CCC(=O)N1)C(N)=O,1.318758763,10.1093/nar/gkw1074,GPCRs
NK1R,P25103,MDNVLPVDSDLSPNISTNTSEPNQFVQPAWQIVLWAAAYTVIVVTSVVGNVVVMWIILAHKRMRTVTNYFLVNLAFAEASMAAFNTVVNFTYAVHNEWYYGLFYCKFHNFFPIAAVFASIYSMTAVAFDRYMAIIHPLQPRLSATATKVVICVIWVLALLLAFPQGYYSTTETMPSRVVCMIEWPEHPNKIYEKVYHICVTVLIYFLPLLVIGYAYTVVGITLWASEIPGDSSDRYHEQVSAKRKVVKMMIVVVCTFAICWLPFHIFFLLPYINPDLYLKKFIQQVYLAIMWLAMSSTMYNPIIYCCLNDRFRLGFKHAFRCCPFISAGDYEGLEMKSTRYLQTQGSVYKVSRLETTIST,CSCCC(NC(=O)C(CC(C)C)NC(=O)CNC(=O)C(Cc1ccccc1)NC(=O)C(Cc1ccccc1)NC(=O)C(CCC(N)=O)NC(=O)C(CCC(N)=O)NC(=O)C1CCCN1)C(N)=O,0.677780705,10.1093/nar/gkw1074,GPCRs
NK1R,P25103,MDNVLPVDSDLSPNISTNTSEPNQFVQPAWQIVLWAAAYTVIVVTSVVGNVVVMWIILAHKRMRTVTNYFLVNLAFAEASMAAFNTVVNFTYAVHNEWYYGLFYCKFHNFFPIAAVFASIYSMTAVAFDRYMAIIHPLQPRLSATATKVVICVIWVLALLLAFPQGYYSTTETMPSRVVCMIEWPEHPNKIYEKVYHICVTVLIYFLPLLVIGYAYTVVGITLWASEIPGDSSDRYHEQVSAKRKVVKMMIVVVCTFAICWLPFHIFFLLPYINPDLYLKKFIQQVYLAIMWLAMSSTMYNPIIYCCLNDRFRLGFKHAFRCCPFISAGDYEGLEMKSTRYLQTQGSVYKVSRLETTIST,CSCCC(NC(=O)C(CC(C)C)NC(=O)C1CCCN1C(=O)C(Cc1ccccc1)NC(=O)C(Cc1ccccc1)NC(=O)C(CCC(N)=O)NC(=O)C(CCC(N)=O)NC(=O)C1CCCN1C(=O)C(CCCCN)NC(=O)C1CCCN1C(=O)C(N)CCCNC(=N)N)C(N)=O,0.853871964,10.1093/nar/gkw1074,GPCRs
NK1R,P25103,MDNVLPVDSDLSPNISTNTSEPNQFVQPAWQIVLWAAAYTVIVVTSVVGNVVVMWIILAHKRMRTVTNYFLVNLAFAEASMAAFNTVVNFTYAVHNEWYYGLFYCKFHNFFPIAAVFASIYSMTAVAFDRYMAIIHPLQPRLSATATKVVICVIWVLALLLAFPQGYYSTTETMPSRVVCMIEWPEHPNKIYEKVYHICVTVLIYFLPLLVIGYAYTVVGITLWASEIPGDSSDRYHEQVSAKRKVVKMMIVVVCTFAICWLPFHIFFLLPYINPDLYLKKFIQQVYLAIMWLAMSSTMYNPIIYCCLNDRFRLGFKHAFRCCPFISAGDYEGLEMKSTRYLQTQGSVYKVSRLETTIST,CC(C)CC(NC(=O)CN(C)C(=O)C(Cc1ccccc1)NC(=O)C(Cc1ccccc1)NC(=O)C(CCC(N)=O)NC(=O)C(CCC(N)=O)NC(=O)C1CCCN1C(=O)C(CCCCN)NC(=O)C1CCCN1C(=O)C(N)CCCNC(=N)N)C(=O)NC(CCS(C)(=O)=O)C(N)=O,1.229147988,10.1093/nar/gkw1074,GPCRs
NK1R,P25103,MDNVLPVDSDLSPNISTNTSEPNQFVQPAWQIVLWAAAYTVIVVTSVVGNVVVMWIILAHKRMRTVTNYFLVNLAFAEASMAAFNTVVNFTYAVHNEWYYGLFYCKFHNFFPIAAVFASIYSMTAVAFDRYMAIIHPLQPRLSATATKVVICVIWVLALLLAFPQGYYSTTETMPSRVVCMIEWPEHPNKIYEKVYHICVTVLIYFLPLLVIGYAYTVVGITLWASEIPGDSSDRYHEQVSAKRKVVKMMIVVVCTFAICWLPFHIFFLLPYINPDLYLKKFIQQVYLAIMWLAMSSTMYNPIIYCCLNDRFRLGFKHAFRCCPFISAGDYEGLEMKSTRYLQTQGSVYKVSRLETTIST,CSCCC(NC(=O)C(CC(C)C)NC(=O)CNC(=O)C(Cc1ccccc1)NC(=O)C(Cc1ccccc1)NC(=O)C(CCC(N)=O)NC(=O)C(CCC(N)=O)NC(=O)C1CCCN1C(=O)C(CCCCN)NC(=O)C1CCCN1C(=O)C(N)CCCNC(=N)N)C(N)=O,1.585026652,10.1093/nar/gkw1074,GPCRs
NK1R,P25103,MDNVLPVDSDLSPNISTNTSEPNQFVQPAWQIVLWAAAYTVIVVTSVVGNVVVMWIILAHKRMRTVTNYFLVNLAFAEASMAAFNTVVNFTYAVHNEWYYGLFYCKFHNFFPIAAVFASIYSMTAVAFDRYMAIIHPLQPRLSATATKVVICVIWVLALLLAFPQGYYSTTETMPSRVVCMIEWPEHPNKIYEKVYHICVTVLIYFLPLLVIGYAYTVVGITLWASEIPGDSSDRYHEQVSAKRKVVKMMIVVVCTFAICWLPFHIFFLLPYINPDLYLKKFIQQVYLAIMWLAMSSTMYNPIIYCCLNDRFRLGFKHAFRCCPFISAGDYEGLEMKSTRYLQTQGSVYKVSRLETTIST,C[C@@H](O[C@H]1OCCN(CC2=NNC(=O)N2)[C@H]1c3ccc(F)cc3)c4cc(cc(c4)C(F)(F)F)C(F)(F)F,1.568636236,10.1093/nar/gkw1074,GPCRs
NK1R,P25103,MDNVLPVDSDLSPNISTNTSEPNQFVQPAWQIVLWAAAYTVIVVTSVVGNVVVMWIILAHKRMRTVTNYFLVNLAFAEASMAAFNTVVNFTYAVHNEWYYGLFYCKFHNFFPIAAVFASIYSMTAVAFDRYMAIIHPLQPRLSATATKVVICVIWVLALLLAFPQGYYSTTETMPSRVVCMIEWPEHPNKIYEKVYHICVTVLIYFLPLLVIGYAYTVVGITLWASEIPGDSSDRYHEQVSAKRKVVKMMIVVVCTFAICWLPFHIFFLLPYINPDLYLKKFIQQVYLAIMWLAMSSTMYNPIIYCCLNDRFRLGFKHAFRCCPFISAGDYEGLEMKSTRYLQTQGSVYKVSRLETTIST,C[C@@H](O[C@H]1OCCN(CC2=NNC(=O)N2)[C@H]1c3ccc(F)cc3)c4cc(cc(c4)C(F)(F)F)C(F)(F)F,3.552841969,10.1093/nar/gkw1074,GPCRs
sAC,Q96PN6,MNTPKEEFQDWPIVRIAAHLPDLIVYGHFSPERPFMDYFDGVLMFVDISGFTAMTEKFSSAMYMDRGAEQLVEILNYHISAIVEKVLIFGGDILKFAGDALLALWRVERKQLKNIITVVIKCSLEIHGLFETQEWEEGLDIRVKIGLAAGHISMLVFGDETHSHFLVIGQAVDDVRLAQNMAQMNDVILSPNCWQLCDRSMIEIESVPDQRAVKVNFLKPPPNFNFDEFFTKCTTFMHYYPSGEHKNLLRLACTLKPDPELEMSLQKYVMESILKQIDNKQLQGYLSELRPVTIVFVNLMFEDQDKAEEIGPAIQDAYMHITSVLKIFQGQINKVFMFDKGCSFLCVFGFPGEKVPDELTHALECAMDIFDFCSQVHKIQTVSIGVASGIVFCGIVGHTVRHEYTVIGQKVNLAARMMMYYPGIVTCDSVTYNGSNLPAYFFKELPKKVMKGVADSGPLYQYWGRTEKVMFGMACLICNRKEDYPLLGRNKEINYFMYTMKKFLISNSSQVLMYEGLPGYGKSQILMKIEYLAQGKNHRIIAISLNKISFHQTFYTIQMFMANVLGLDTCKHYKERQTNLRNKVMTLLDEKFYCLLNDIFHVQFPISREISRMSTLKKQKQLEILFMKILKLIVKEERIIFIIDEAQFVDSTSWRFMEKLIRTLPIFIIMSLCPFVNIPCAAARAVIKNRNTTYIVIGAVQPNDISNKICLDLNVSCISKELDSYLGEGSCGIPFYCEELLKNLEHHEVLVFQQTESEEKTNRTWNNLFKYSIKLTEKLNMVTLHSDKESEEVCHLTSGVRLKNLSPPTSLKEISLIQLDSMRLSHQMLVRCAAIIGLTFTTELLFEILPCWNMKMMIKTLATLVESNIFYCFRNGKELQKALKQNDPSFEVHYRSLSLKPSEGMDHGEEEQLRELENEVIECHRIRFCNPMMQKTAYELWLKDQRKAMHLKCARFLEEDAHRCDHCRGRDFIPYHHFTVNIRLNALDMDAIKKMAMSHGFKTEEKLILSNSEIPETSAFFPENRSPEEIREKILNFFDHVLTKMKTSDEDIIPLESCQCEEILEIVILPLAHHFLALGENDKALYYFLEIASAYLIFCDNYMAYMYLNEGQKLLKTLKKDKSWSQTFESATFYSLKGEVCFNMGQIVLAKKMLRKALKLLNRIFPYNLISLFLHIHVEKNRHFHYVNRQAQESPPPGKKRLAQLYRQTVCLSLLWRIYSYSYLFHCKYYAHLAVMMQMNTALETQNCFQIIKAYLDYSLYHHLAGYKGVWFKYEVMAMEHIFNLPLKGEGIEIVAYVAETLVFNKLIMGHLDLAIELGSRALQMWALLQNPNRHYQSLCRLSRCLLLNSRYPQLIQVLGRLWELSVTQEHIFSKAFFYVCLDILLYSGFVYRTFEECLEFIHQYENNRILKFHSGLLLGLYSSVAIWYARLQEWDNFYKFSNRAKNLLPRRTMTLTYYDGISRYMEGQVLHLQKQIKEQSENAQASGEELLKNLENLVAQNTTGPVFCPRLYHLMAYVCILMGDGQKCGLFLNTALRLSETQGNILEKCWLNMNKESWYSTSELKEDQWLQTILSLPSWEKIVAGRVNIQDLQKNKFLMRANTVDNHF,Cc1c(Cc2ccccc2)c(-c2cc(Cl)nc(N)n2)nn1C,1.400116928,10.1021/acs.jmedchem.2c01133,Enzymes
sAC,Q96PN6,MNTPKEEFQDWPIVRIAAHLPDLIVYGHFSPERPFMDYFDGVLMFVDISGFTAMTEKFSSAMYMDRGAEQLVEILNYHISAIVEKVLIFGGDILKFAGDALLALWRVERKQLKNIITVVIKCSLEIHGLFETQEWEEGLDIRVKIGLAAGHISMLVFGDETHSHFLVIGQAVDDVRLAQNMAQMNDVILSPNCWQLCDRSMIEIESVPDQRAVKVNFLKPPPNFNFDEFFTKCTTFMHYYPSGEHKNLLRLACTLKPDPELEMSLQKYVMESILKQIDNKQLQGYLSELRPVTIVFVNLMFEDQDKAEEIGPAIQDAYMHITSVLKIFQGQINKVFMFDKGCSFLCVFGFPGEKVPDELTHALECAMDIFDFCSQVHKIQTVSIGVASGIVFCGIVGHTVRHEYTVIGQKVNLAARMMMYYPGIVTCDSVTYNGSNLPAYFFKELPKKVMKGVADSGPLYQYWGRTEKVMFGMACLICNRKEDYPLLGRNKEINYFMYTMKKFLISNSSQVLMYEGLPGYGKSQILMKIEYLAQGKNHRIIAISLNKISFHQTFYTIQMFMANVLGLDTCKHYKERQTNLRNKVMTLLDEKFYCLLNDIFHVQFPISREISRMSTLKKQKQLEILFMKILKLIVKEERIIFIIDEAQFVDSTSWRFMEKLIRTLPIFIIMSLCPFVNIPCAAARAVIKNRNTTYIVIGAVQPNDISNKICLDLNVSCISKELDSYLGEGSCGIPFYCEELLKNLEHHEVLVFQQTESEEKTNRTWNNLFKYSIKLTEKLNMVTLHSDKESEEVCHLTSGVRLKNLSPPTSLKEISLIQLDSMRLSHQMLVRCAAIIGLTFTTELLFEILPCWNMKMMIKTLATLVESNIFYCFRNGKELQKALKQNDPSFEVHYRSLSLKPSEGMDHGEEEQLRELENEVIECHRIRFCNPMMQKTAYELWLKDQRKAMHLKCARFLEEDAHRCDHCRGRDFIPYHHFTVNIRLNALDMDAIKKMAMSHGFKTEEKLILSNSEIPETSAFFPENRSPEEIREKILNFFDHVLTKMKTSDEDIIPLESCQCEEILEIVILPLAHHFLALGENDKALYYFLEIASAYLIFCDNYMAYMYLNEGQKLLKTLKKDKSWSQTFESATFYSLKGEVCFNMGQIVLAKKMLRKALKLLNRIFPYNLISLFLHIHVEKNRHFHYVNRQAQESPPPGKKRLAQLYRQTVCLSLLWRIYSYSYLFHCKYYAHLAVMMQMNTALETQNCFQIIKAYLDYSLYHHLAGYKGVWFKYEVMAMEHIFNLPLKGEGIEIVAYVAETLVFNKLIMGHLDLAIELGSRALQMWALLQNPNRHYQSLCRLSRCLLLNSRYPQLIQVLGRLWELSVTQEHIFSKAFFYVCLDILLYSGFVYRTFEECLEFIHQYENNRILKFHSGLLLGLYSSVAIWYARLQEWDNFYKFSNRAKNLLPRRTMTLTYYDGISRYMEGQVLHLQKQIKEQSENAQASGEELLKNLENLVAQNTTGPVFCPRLYHLMAYVCILMGDGQKCGLFLNTALRLSETQGNILEKCWLNMNKESWYSTSELKEDQWLQTILSLPSWEKIVAGRVNIQDLQKNKFLMRANTVDNHF,Nc1nc(Cl)cc(-c2nn(C(F)F)cc2Cc2ccccc2OCCN2CCOCC2)n1,3.22184875,10.1021/acs.jmedchem.2c01133,Enzymes
sAC,Q96PN6,MNTPKEEFQDWPIVRIAAHLPDLIVYGHFSPERPFMDYFDGVLMFVDISGFTAMTEKFSSAMYMDRGAEQLVEILNYHISAIVEKVLIFGGDILKFAGDALLALWRVERKQLKNIITVVIKCSLEIHGLFETQEWEEGLDIRVKIGLAAGHISMLVFGDETHSHFLVIGQAVDDVRLAQNMAQMNDVILSPNCWQLCDRSMIEIESVPDQRAVKVNFLKPPPNFNFDEFFTKCTTFMHYYPSGEHKNLLRLACTLKPDPELEMSLQKYVMESILKQIDNKQLQGYLSELRPVTIVFVNLMFEDQDKAEEIGPAIQDAYMHITSVLKIFQGQINKVFMFDKGCSFLCVFGFPGEKVPDELTHALECAMDIFDFCSQVHKIQTVSIGVASGIVFCGIVGHTVRHEYTVIGQKVNLAARMMMYYPGIVTCDSVTYNGSNLPAYFFKELPKKVMKGVADSGPLYQYWGRTEKVMFGMACLICNRKEDYPLLGRNKEINYFMYTMKKFLISNSSQVLMYEGLPGYGKSQILMKIEYLAQGKNHRIIAISLNKISFHQTFYTIQMFMANVLGLDTCKHYKERQTNLRNKVMTLLDEKFYCLLNDIFHVQFPISREISRMSTLKKQKQLEILFMKILKLIVKEERIIFIIDEAQFVDSTSWRFMEKLIRTLPIFIIMSLCPFVNIPCAAARAVIKNRNTTYIVIGAVQPNDISNKICLDLNVSCISKELDSYLGEGSCGIPFYCEELLKNLEHHEVLVFQQTESEEKTNRTWNNLFKYSIKLTEKLNMVTLHSDKESEEVCHLTSGVRLKNLSPPTSLKEISLIQLDSMRLSHQMLVRCAAIIGLTFTTELLFEILPCWNMKMMIKTLATLVESNIFYCFRNGKELQKALKQNDPSFEVHYRSLSLKPSEGMDHGEEEQLRELENEVIECHRIRFCNPMMQKTAYELWLKDQRKAMHLKCARFLEEDAHRCDHCRGRDFIPYHHFTVNIRLNALDMDAIKKMAMSHGFKTEEKLILSNSEIPETSAFFPENRSPEEIREKILNFFDHVLTKMKTSDEDIIPLESCQCEEILEIVILPLAHHFLALGENDKALYYFLEIASAYLIFCDNYMAYMYLNEGQKLLKTLKKDKSWSQTFESATFYSLKGEVCFNMGQIVLAKKMLRKALKLLNRIFPYNLISLFLHIHVEKNRHFHYVNRQAQESPPPGKKRLAQLYRQTVCLSLLWRIYSYSYLFHCKYYAHLAVMMQMNTALETQNCFQIIKAYLDYSLYHHLAGYKGVWFKYEVMAMEHIFNLPLKGEGIEIVAYVAETLVFNKLIMGHLDLAIELGSRALQMWALLQNPNRHYQSLCRLSRCLLLNSRYPQLIQVLGRLWELSVTQEHIFSKAFFYVCLDILLYSGFVYRTFEECLEFIHQYENNRILKFHSGLLLGLYSSVAIWYARLQEWDNFYKFSNRAKNLLPRRTMTLTYYDGISRYMEGQVLHLQKQIKEQSENAQASGEELLKNLENLVAQNTTGPVFCPRLYHLMAYVCILMGDGQKCGLFLNTALRLSETQGNILEKCWLNMNKESWYSTSELKEDQWLQTILSLPSWEKIVAGRVNIQDLQKNKFLMRANTVDNHF,Nc1nc(Cl)cc(-c2nn(C(F)F)cc2Cc2ccccc2OCC(=O)N2CCOCC2)n1,2.677780705,10.1021/acs.jmedchem.2c01133,Enzymes
sAC,Q96PN6,MNTPKEEFQDWPIVRIAAHLPDLIVYGHFSPERPFMDYFDGVLMFVDISGFTAMTEKFSSAMYMDRGAEQLVEILNYHISAIVEKVLIFGGDILKFAGDALLALWRVERKQLKNIITVVIKCSLEIHGLFETQEWEEGLDIRVKIGLAAGHISMLVFGDETHSHFLVIGQAVDDVRLAQNMAQMNDVILSPNCWQLCDRSMIEIESVPDQRAVKVNFLKPPPNFNFDEFFTKCTTFMHYYPSGEHKNLLRLACTLKPDPELEMSLQKYVMESILKQIDNKQLQGYLSELRPVTIVFVNLMFEDQDKAEEIGPAIQDAYMHITSVLKIFQGQINKVFMFDKGCSFLCVFGFPGEKVPDELTHALECAMDIFDFCSQVHKIQTVSIGVASGIVFCGIVGHTVRHEYTVIGQKVNLAARMMMYYPGIVTCDSVTYNGSNLPAYFFKELPKKVMKGVADSGPLYQYWGRTEKVMFGMACLICNRKEDYPLLGRNKEINYFMYTMKKFLISNSSQVLMYEGLPGYGKSQILMKIEYLAQGKNHRIIAISLNKISFHQTFYTIQMFMANVLGLDTCKHYKERQTNLRNKVMTLLDEKFYCLLNDIFHVQFPISREISRMSTLKKQKQLEILFMKILKLIVKEERIIFIIDEAQFVDSTSWRFMEKLIRTLPIFIIMSLCPFVNIPCAAARAVIKNRNTTYIVIGAVQPNDISNKICLDLNVSCISKELDSYLGEGSCGIPFYCEELLKNLEHHEVLVFQQTESEEKTNRTWNNLFKYSIKLTEKLNMVTLHSDKESEEVCHLTSGVRLKNLSPPTSLKEISLIQLDSMRLSHQMLVRCAAIIGLTFTTELLFEILPCWNMKMMIKTLATLVESNIFYCFRNGKELQKALKQNDPSFEVHYRSLSLKPSEGMDHGEEEQLRELENEVIECHRIRFCNPMMQKTAYELWLKDQRKAMHLKCARFLEEDAHRCDHCRGRDFIPYHHFTVNIRLNALDMDAIKKMAMSHGFKTEEKLILSNSEIPETSAFFPENRSPEEIREKILNFFDHVLTKMKTSDEDIIPLESCQCEEILEIVILPLAHHFLALGENDKALYYFLEIASAYLIFCDNYMAYMYLNEGQKLLKTLKKDKSWSQTFESATFYSLKGEVCFNMGQIVLAKKMLRKALKLLNRIFPYNLISLFLHIHVEKNRHFHYVNRQAQESPPPGKKRLAQLYRQTVCLSLLWRIYSYSYLFHCKYYAHLAVMMQMNTALETQNCFQIIKAYLDYSLYHHLAGYKGVWFKYEVMAMEHIFNLPLKGEGIEIVAYVAETLVFNKLIMGHLDLAIELGSRALQMWALLQNPNRHYQSLCRLSRCLLLNSRYPQLIQVLGRLWELSVTQEHIFSKAFFYVCLDILLYSGFVYRTFEECLEFIHQYENNRILKFHSGLLLGLYSSVAIWYARLQEWDNFYKFSNRAKNLLPRRTMTLTYYDGISRYMEGQVLHLQKQIKEQSENAQASGEELLKNLENLVAQNTTGPVFCPRLYHLMAYVCILMGDGQKCGLFLNTALRLSETQGNILEKCWLNMNKESWYSTSELKEDQWLQTILSLPSWEKIVAGRVNIQDLQKNKFLMRANTVDNHF,Nc1nc(Cl)cc(-c2nn(C(F)F)cc2Cc2ccccc2OCCN2CCNC(=O)C2)n1,2.677780705,10.1021/acs.jmedchem.2c01133,Enzymes
sAC,Q96PN6,MNTPKEEFQDWPIVRIAAHLPDLIVYGHFSPERPFMDYFDGVLMFVDISGFTAMTEKFSSAMYMDRGAEQLVEILNYHISAIVEKVLIFGGDILKFAGDALLALWRVERKQLKNIITVVIKCSLEIHGLFETQEWEEGLDIRVKIGLAAGHISMLVFGDETHSHFLVIGQAVDDVRLAQNMAQMNDVILSPNCWQLCDRSMIEIESVPDQRAVKVNFLKPPPNFNFDEFFTKCTTFMHYYPSGEHKNLLRLACTLKPDPELEMSLQKYVMESILKQIDNKQLQGYLSELRPVTIVFVNLMFEDQDKAEEIGPAIQDAYMHITSVLKIFQGQINKVFMFDKGCSFLCVFGFPGEKVPDELTHALECAMDIFDFCSQVHKIQTVSIGVASGIVFCGIVGHTVRHEYTVIGQKVNLAARMMMYYPGIVTCDSVTYNGSNLPAYFFKELPKKVMKGVADSGPLYQYWGRTEKVMFGMACLICNRKEDYPLLGRNKEINYFMYTMKKFLISNSSQVLMYEGLPGYGKSQILMKIEYLAQGKNHRIIAISLNKISFHQTFYTIQMFMANVLGLDTCKHYKERQTNLRNKVMTLLDEKFYCLLNDIFHVQFPISREISRMSTLKKQKQLEILFMKILKLIVKEERIIFIIDEAQFVDSTSWRFMEKLIRTLPIFIIMSLCPFVNIPCAAARAVIKNRNTTYIVIGAVQPNDISNKICLDLNVSCISKELDSYLGEGSCGIPFYCEELLKNLEHHEVLVFQQTESEEKTNRTWNNLFKYSIKLTEKLNMVTLHSDKESEEVCHLTSGVRLKNLSPPTSLKEISLIQLDSMRLSHQMLVRCAAIIGLTFTTELLFEILPCWNMKMMIKTLATLVESNIFYCFRNGKELQKALKQNDPSFEVHYRSLSLKPSEGMDHGEEEQLRELENEVIECHRIRFCNPMMQKTAYELWLKDQRKAMHLKCARFLEEDAHRCDHCRGRDFIPYHHFTVNIRLNALDMDAIKKMAMSHGFKTEEKLILSNSEIPETSAFFPENRSPEEIREKILNFFDHVLTKMKTSDEDIIPLESCQCEEILEIVILPLAHHFLALGENDKALYYFLEIASAYLIFCDNYMAYMYLNEGQKLLKTLKKDKSWSQTFESATFYSLKGEVCFNMGQIVLAKKMLRKALKLLNRIFPYNLISLFLHIHVEKNRHFHYVNRQAQESPPPGKKRLAQLYRQTVCLSLLWRIYSYSYLFHCKYYAHLAVMMQMNTALETQNCFQIIKAYLDYSLYHHLAGYKGVWFKYEVMAMEHIFNLPLKGEGIEIVAYVAETLVFNKLIMGHLDLAIELGSRALQMWALLQNPNRHYQSLCRLSRCLLLNSRYPQLIQVLGRLWELSVTQEHIFSKAFFYVCLDILLYSGFVYRTFEECLEFIHQYENNRILKFHSGLLLGLYSSVAIWYARLQEWDNFYKFSNRAKNLLPRRTMTLTYYDGISRYMEGQVLHLQKQIKEQSENAQASGEELLKNLENLVAQNTTGPVFCPRLYHLMAYVCILMGDGQKCGLFLNTALRLSETQGNILEKCWLNMNKESWYSTSELKEDQWLQTILSLPSWEKIVAGRVNIQDLQKNKFLMRANTVDNHF,Nc1nc(Cl)cc(-c2nn(C(F)F)cc2Cc2ccccc2OCCN2CCS(=O)(=O)CC2)n1,3.301029996,10.1021/acs.jmedchem.2c01133,Enzymes
sAC,Q96PN6,MNTPKEEFQDWPIVRIAAHLPDLIVYGHFSPERPFMDYFDGVLMFVDISGFTAMTEKFSSAMYMDRGAEQLVEILNYHISAIVEKVLIFGGDILKFAGDALLALWRVERKQLKNIITVVIKCSLEIHGLFETQEWEEGLDIRVKIGLAAGHISMLVFGDETHSHFLVIGQAVDDVRLAQNMAQMNDVILSPNCWQLCDRSMIEIESVPDQRAVKVNFLKPPPNFNFDEFFTKCTTFMHYYPSGEHKNLLRLACTLKPDPELEMSLQKYVMESILKQIDNKQLQGYLSELRPVTIVFVNLMFEDQDKAEEIGPAIQDAYMHITSVLKIFQGQINKVFMFDKGCSFLCVFGFPGEKVPDELTHALECAMDIFDFCSQVHKIQTVSIGVASGIVFCGIVGHTVRHEYTVIGQKVNLAARMMMYYPGIVTCDSVTYNGSNLPAYFFKELPKKVMKGVADSGPLYQYWGRTEKVMFGMACLICNRKEDYPLLGRNKEINYFMYTMKKFLISNSSQVLMYEGLPGYGKSQILMKIEYLAQGKNHRIIAISLNKISFHQTFYTIQMFMANVLGLDTCKHYKERQTNLRNKVMTLLDEKFYCLLNDIFHVQFPISREISRMSTLKKQKQLEILFMKILKLIVKEERIIFIIDEAQFVDSTSWRFMEKLIRTLPIFIIMSLCPFVNIPCAAARAVIKNRNTTYIVIGAVQPNDISNKICLDLNVSCISKELDSYLGEGSCGIPFYCEELLKNLEHHEVLVFQQTESEEKTNRTWNNLFKYSIKLTEKLNMVTLHSDKESEEVCHLTSGVRLKNLSPPTSLKEISLIQLDSMRLSHQMLVRCAAIIGLTFTTELLFEILPCWNMKMMIKTLATLVESNIFYCFRNGKELQKALKQNDPSFEVHYRSLSLKPSEGMDHGEEEQLRELENEVIECHRIRFCNPMMQKTAYELWLKDQRKAMHLKCARFLEEDAHRCDHCRGRDFIPYHHFTVNIRLNALDMDAIKKMAMSHGFKTEEKLILSNSEIPETSAFFPENRSPEEIREKILNFFDHVLTKMKTSDEDIIPLESCQCEEILEIVILPLAHHFLALGENDKALYYFLEIASAYLIFCDNYMAYMYLNEGQKLLKTLKKDKSWSQTFESATFYSLKGEVCFNMGQIVLAKKMLRKALKLLNRIFPYNLISLFLHIHVEKNRHFHYVNRQAQESPPPGKKRLAQLYRQTVCLSLLWRIYSYSYLFHCKYYAHLAVMMQMNTALETQNCFQIIKAYLDYSLYHHLAGYKGVWFKYEVMAMEHIFNLPLKGEGIEIVAYVAETLVFNKLIMGHLDLAIELGSRALQMWALLQNPNRHYQSLCRLSRCLLLNSRYPQLIQVLGRLWELSVTQEHIFSKAFFYVCLDILLYSGFVYRTFEECLEFIHQYENNRILKFHSGLLLGLYSSVAIWYARLQEWDNFYKFSNRAKNLLPRRTMTLTYYDGISRYMEGQVLHLQKQIKEQSENAQASGEELLKNLENLVAQNTTGPVFCPRLYHLMAYVCILMGDGQKCGLFLNTALRLSETQGNILEKCWLNMNKESWYSTSELKEDQWLQTILSLPSWEKIVAGRVNIQDLQKNKFLMRANTVDNHF,CC1(O)CCN(CCOc2ccccc2Cc2cn(C(F)F)nc2-c2cc(Cl)nc(N)n2)CC1,3.301029996,10.1021/acs.jmedchem.2c01133,Enzymes
sAC,Q96PN6,MNTPKEEFQDWPIVRIAAHLPDLIVYGHFSPERPFMDYFDGVLMFVDISGFTAMTEKFSSAMYMDRGAEQLVEILNYHISAIVEKVLIFGGDILKFAGDALLALWRVERKQLKNIITVVIKCSLEIHGLFETQEWEEGLDIRVKIGLAAGHISMLVFGDETHSHFLVIGQAVDDVRLAQNMAQMNDVILSPNCWQLCDRSMIEIESVPDQRAVKVNFLKPPPNFNFDEFFTKCTTFMHYYPSGEHKNLLRLACTLKPDPELEMSLQKYVMESILKQIDNKQLQGYLSELRPVTIVFVNLMFEDQDKAEEIGPAIQDAYMHITSVLKIFQGQINKVFMFDKGCSFLCVFGFPGEKVPDELTHALECAMDIFDFCSQVHKIQTVSIGVASGIVFCGIVGHTVRHEYTVIGQKVNLAARMMMYYPGIVTCDSVTYNGSNLPAYFFKELPKKVMKGVADSGPLYQYWGRTEKVMFGMACLICNRKEDYPLLGRNKEINYFMYTMKKFLISNSSQVLMYEGLPGYGKSQILMKIEYLAQGKNHRIIAISLNKISFHQTFYTIQMFMANVLGLDTCKHYKERQTNLRNKVMTLLDEKFYCLLNDIFHVQFPISREISRMSTLKKQKQLEILFMKILKLIVKEERIIFIIDEAQFVDSTSWRFMEKLIRTLPIFIIMSLCPFVNIPCAAARAVIKNRNTTYIVIGAVQPNDISNKICLDLNVSCISKELDSYLGEGSCGIPFYCEELLKNLEHHEVLVFQQTESEEKTNRTWNNLFKYSIKLTEKLNMVTLHSDKESEEVCHLTSGVRLKNLSPPTSLKEISLIQLDSMRLSHQMLVRCAAIIGLTFTTELLFEILPCWNMKMMIKTLATLVESNIFYCFRNGKELQKALKQNDPSFEVHYRSLSLKPSEGMDHGEEEQLRELENEVIECHRIRFCNPMMQKTAYELWLKDQRKAMHLKCARFLEEDAHRCDHCRGRDFIPYHHFTVNIRLNALDMDAIKKMAMSHGFKTEEKLILSNSEIPETSAFFPENRSPEEIREKILNFFDHVLTKMKTSDEDIIPLESCQCEEILEIVILPLAHHFLALGENDKALYYFLEIASAYLIFCDNYMAYMYLNEGQKLLKTLKKDKSWSQTFESATFYSLKGEVCFNMGQIVLAKKMLRKALKLLNRIFPYNLISLFLHIHVEKNRHFHYVNRQAQESPPPGKKRLAQLYRQTVCLSLLWRIYSYSYLFHCKYYAHLAVMMQMNTALETQNCFQIIKAYLDYSLYHHLAGYKGVWFKYEVMAMEHIFNLPLKGEGIEIVAYVAETLVFNKLIMGHLDLAIELGSRALQMWALLQNPNRHYQSLCRLSRCLLLNSRYPQLIQVLGRLWELSVTQEHIFSKAFFYVCLDILLYSGFVYRTFEECLEFIHQYENNRILKFHSGLLLGLYSSVAIWYARLQEWDNFYKFSNRAKNLLPRRTMTLTYYDGISRYMEGQVLHLQKQIKEQSENAQASGEELLKNLENLVAQNTTGPVFCPRLYHLMAYVCILMGDGQKCGLFLNTALRLSETQGNILEKCWLNMNKESWYSTSELKEDQWLQTILSLPSWEKIVAGRVNIQDLQKNKFLMRANTVDNHF,COC(=O)[C@@H]1COCCN1CCOc1ccccc1Cc1cn(C(F)F)nc1-c1cc(Cl)nc(N)n1 |a:4|,3.22184875,10.1021/acs.jmedchem.2c01133,Enzymes
sAC,Q96PN6,MNTPKEEFQDWPIVRIAAHLPDLIVYGHFSPERPFMDYFDGVLMFVDISGFTAMTEKFSSAMYMDRGAEQLVEILNYHISAIVEKVLIFGGDILKFAGDALLALWRVERKQLKNIITVVIKCSLEIHGLFETQEWEEGLDIRVKIGLAAGHISMLVFGDETHSHFLVIGQAVDDVRLAQNMAQMNDVILSPNCWQLCDRSMIEIESVPDQRAVKVNFLKPPPNFNFDEFFTKCTTFMHYYPSGEHKNLLRLACTLKPDPELEMSLQKYVMESILKQIDNKQLQGYLSELRPVTIVFVNLMFEDQDKAEEIGPAIQDAYMHITSVLKIFQGQINKVFMFDKGCSFLCVFGFPGEKVPDELTHALECAMDIFDFCSQVHKIQTVSIGVASGIVFCGIVGHTVRHEYTVIGQKVNLAARMMMYYPGIVTCDSVTYNGSNLPAYFFKELPKKVMKGVADSGPLYQYWGRTEKVMFGMACLICNRKEDYPLLGRNKEINYFMYTMKKFLISNSSQVLMYEGLPGYGKSQILMKIEYLAQGKNHRIIAISLNKISFHQTFYTIQMFMANVLGLDTCKHYKERQTNLRNKVMTLLDEKFYCLLNDIFHVQFPISREISRMSTLKKQKQLEILFMKILKLIVKEERIIFIIDEAQFVDSTSWRFMEKLIRTLPIFIIMSLCPFVNIPCAAARAVIKNRNTTYIVIGAVQPNDISNKICLDLNVSCISKELDSYLGEGSCGIPFYCEELLKNLEHHEVLVFQQTESEEKTNRTWNNLFKYSIKLTEKLNMVTLHSDKESEEVCHLTSGVRLKNLSPPTSLKEISLIQLDSMRLSHQMLVRCAAIIGLTFTTELLFEILPCWNMKMMIKTLATLVESNIFYCFRNGKELQKALKQNDPSFEVHYRSLSLKPSEGMDHGEEEQLRELENEVIECHRIRFCNPMMQKTAYELWLKDQRKAMHLKCARFLEEDAHRCDHCRGRDFIPYHHFTVNIRLNALDMDAIKKMAMSHGFKTEEKLILSNSEIPETSAFFPENRSPEEIREKILNFFDHVLTKMKTSDEDIIPLESCQCEEILEIVILPLAHHFLALGENDKALYYFLEIASAYLIFCDNYMAYMYLNEGQKLLKTLKKDKSWSQTFESATFYSLKGEVCFNMGQIVLAKKMLRKALKLLNRIFPYNLISLFLHIHVEKNRHFHYVNRQAQESPPPGKKRLAQLYRQTVCLSLLWRIYSYSYLFHCKYYAHLAVMMQMNTALETQNCFQIIKAYLDYSLYHHLAGYKGVWFKYEVMAMEHIFNLPLKGEGIEIVAYVAETLVFNKLIMGHLDLAIELGSRALQMWALLQNPNRHYQSLCRLSRCLLLNSRYPQLIQVLGRLWELSVTQEHIFSKAFFYVCLDILLYSGFVYRTFEECLEFIHQYENNRILKFHSGLLLGLYSSVAIWYARLQEWDNFYKFSNRAKNLLPRRTMTLTYYDGISRYMEGQVLHLQKQIKEQSENAQASGEELLKNLENLVAQNTTGPVFCPRLYHLMAYVCILMGDGQKCGLFLNTALRLSETQGNILEKCWLNMNKESWYSTSELKEDQWLQTILSLPSWEKIVAGRVNIQDLQKNKFLMRANTVDNHF,COC(=O)[C@H]1COCCN1CCOc1ccccc1Cc1cn(C(F)F)nc1-c1cc(Cl)nc(N)n1 |a:4|,3.397940009,10.1021/acs.jmedchem.2c01133,Enzymes
sAC,Q96PN6,MNTPKEEFQDWPIVRIAAHLPDLIVYGHFSPERPFMDYFDGVLMFVDISGFTAMTEKFSSAMYMDRGAEQLVEILNYHISAIVEKVLIFGGDILKFAGDALLALWRVERKQLKNIITVVIKCSLEIHGLFETQEWEEGLDIRVKIGLAAGHISMLVFGDETHSHFLVIGQAVDDVRLAQNMAQMNDVILSPNCWQLCDRSMIEIESVPDQRAVKVNFLKPPPNFNFDEFFTKCTTFMHYYPSGEHKNLLRLACTLKPDPELEMSLQKYVMESILKQIDNKQLQGYLSELRPVTIVFVNLMFEDQDKAEEIGPAIQDAYMHITSVLKIFQGQINKVFMFDKGCSFLCVFGFPGEKVPDELTHALECAMDIFDFCSQVHKIQTVSIGVASGIVFCGIVGHTVRHEYTVIGQKVNLAARMMMYYPGIVTCDSVTYNGSNLPAYFFKELPKKVMKGVADSGPLYQYWGRTEKVMFGMACLICNRKEDYPLLGRNKEINYFMYTMKKFLISNSSQVLMYEGLPGYGKSQILMKIEYLAQGKNHRIIAISLNKISFHQTFYTIQMFMANVLGLDTCKHYKERQTNLRNKVMTLLDEKFYCLLNDIFHVQFPISREISRMSTLKKQKQLEILFMKILKLIVKEERIIFIIDEAQFVDSTSWRFMEKLIRTLPIFIIMSLCPFVNIPCAAARAVIKNRNTTYIVIGAVQPNDISNKICLDLNVSCISKELDSYLGEGSCGIPFYCEELLKNLEHHEVLVFQQTESEEKTNRTWNNLFKYSIKLTEKLNMVTLHSDKESEEVCHLTSGVRLKNLSPPTSLKEISLIQLDSMRLSHQMLVRCAAIIGLTFTTELLFEILPCWNMKMMIKTLATLVESNIFYCFRNGKELQKALKQNDPSFEVHYRSLSLKPSEGMDHGEEEQLRELENEVIECHRIRFCNPMMQKTAYELWLKDQRKAMHLKCARFLEEDAHRCDHCRGRDFIPYHHFTVNIRLNALDMDAIKKMAMSHGFKTEEKLILSNSEIPETSAFFPENRSPEEIREKILNFFDHVLTKMKTSDEDIIPLESCQCEEILEIVILPLAHHFLALGENDKALYYFLEIASAYLIFCDNYMAYMYLNEGQKLLKTLKKDKSWSQTFESATFYSLKGEVCFNMGQIVLAKKMLRKALKLLNRIFPYNLISLFLHIHVEKNRHFHYVNRQAQESPPPGKKRLAQLYRQTVCLSLLWRIYSYSYLFHCKYYAHLAVMMQMNTALETQNCFQIIKAYLDYSLYHHLAGYKGVWFKYEVMAMEHIFNLPLKGEGIEIVAYVAETLVFNKLIMGHLDLAIELGSRALQMWALLQNPNRHYQSLCRLSRCLLLNSRYPQLIQVLGRLWELSVTQEHIFSKAFFYVCLDILLYSGFVYRTFEECLEFIHQYENNRILKFHSGLLLGLYSSVAIWYARLQEWDNFYKFSNRAKNLLPRRTMTLTYYDGISRYMEGQVLHLQKQIKEQSENAQASGEELLKNLENLVAQNTTGPVFCPRLYHLMAYVCILMGDGQKCGLFLNTALRLSETQGNILEKCWLNMNKESWYSTSELKEDQWLQTILSLPSWEKIVAGRVNIQDLQKNKFLMRANTVDNHF,Nc1nc(Cl)cc(-c2nn(C(F)F)cc2Cc2ccccc2OCCN2CCO[C@@H](CO)C2)n1 |a:29|,3.397940009,10.1021/acs.jmedchem.2c01133,Enzymes
sAC,Q96PN6,MNTPKEEFQDWPIVRIAAHLPDLIVYGHFSPERPFMDYFDGVLMFVDISGFTAMTEKFSSAMYMDRGAEQLVEILNYHISAIVEKVLIFGGDILKFAGDALLALWRVERKQLKNIITVVIKCSLEIHGLFETQEWEEGLDIRVKIGLAAGHISMLVFGDETHSHFLVIGQAVDDVRLAQNMAQMNDVILSPNCWQLCDRSMIEIESVPDQRAVKVNFLKPPPNFNFDEFFTKCTTFMHYYPSGEHKNLLRLACTLKPDPELEMSLQKYVMESILKQIDNKQLQGYLSELRPVTIVFVNLMFEDQDKAEEIGPAIQDAYMHITSVLKIFQGQINKVFMFDKGCSFLCVFGFPGEKVPDELTHALECAMDIFDFCSQVHKIQTVSIGVASGIVFCGIVGHTVRHEYTVIGQKVNLAARMMMYYPGIVTCDSVTYNGSNLPAYFFKELPKKVMKGVADSGPLYQYWGRTEKVMFGMACLICNRKEDYPLLGRNKEINYFMYTMKKFLISNSSQVLMYEGLPGYGKSQILMKIEYLAQGKNHRIIAISLNKISFHQTFYTIQMFMANVLGLDTCKHYKERQTNLRNKVMTLLDEKFYCLLNDIFHVQFPISREISRMSTLKKQKQLEILFMKILKLIVKEERIIFIIDEAQFVDSTSWRFMEKLIRTLPIFIIMSLCPFVNIPCAAARAVIKNRNTTYIVIGAVQPNDISNKICLDLNVSCISKELDSYLGEGSCGIPFYCEELLKNLEHHEVLVFQQTESEEKTNRTWNNLFKYSIKLTEKLNMVTLHSDKESEEVCHLTSGVRLKNLSPPTSLKEISLIQLDSMRLSHQMLVRCAAIIGLTFTTELLFEILPCWNMKMMIKTLATLVESNIFYCFRNGKELQKALKQNDPSFEVHYRSLSLKPSEGMDHGEEEQLRELENEVIECHRIRFCNPMMQKTAYELWLKDQRKAMHLKCARFLEEDAHRCDHCRGRDFIPYHHFTVNIRLNALDMDAIKKMAMSHGFKTEEKLILSNSEIPETSAFFPENRSPEEIREKILNFFDHVLTKMKTSDEDIIPLESCQCEEILEIVILPLAHHFLALGENDKALYYFLEIASAYLIFCDNYMAYMYLNEGQKLLKTLKKDKSWSQTFESATFYSLKGEVCFNMGQIVLAKKMLRKALKLLNRIFPYNLISLFLHIHVEKNRHFHYVNRQAQESPPPGKKRLAQLYRQTVCLSLLWRIYSYSYLFHCKYYAHLAVMMQMNTALETQNCFQIIKAYLDYSLYHHLAGYKGVWFKYEVMAMEHIFNLPLKGEGIEIVAYVAETLVFNKLIMGHLDLAIELGSRALQMWALLQNPNRHYQSLCRLSRCLLLNSRYPQLIQVLGRLWELSVTQEHIFSKAFFYVCLDILLYSGFVYRTFEECLEFIHQYENNRILKFHSGLLLGLYSSVAIWYARLQEWDNFYKFSNRAKNLLPRRTMTLTYYDGISRYMEGQVLHLQKQIKEQSENAQASGEELLKNLENLVAQNTTGPVFCPRLYHLMAYVCILMGDGQKCGLFLNTALRLSETQGNILEKCWLNMNKESWYSTSELKEDQWLQTILSLPSWEKIVAGRVNIQDLQKNKFLMRANTVDNHF,Nc1nc(Cl)cc(-c2nn(C(F)F)cc2Cc2ccccc2OCCN2CCO[C@H](CO)C2)n1 |a:29|,3.096910013,10.1021/acs.jmedchem.2c01133,Enzymes
sAC,Q96PN6,MNTPKEEFQDWPIVRIAAHLPDLIVYGHFSPERPFMDYFDGVLMFVDISGFTAMTEKFSSAMYMDRGAEQLVEILNYHISAIVEKVLIFGGDILKFAGDALLALWRVERKQLKNIITVVIKCSLEIHGLFETQEWEEGLDIRVKIGLAAGHISMLVFGDETHSHFLVIGQAVDDVRLAQNMAQMNDVILSPNCWQLCDRSMIEIESVPDQRAVKVNFLKPPPNFNFDEFFTKCTTFMHYYPSGEHKNLLRLACTLKPDPELEMSLQKYVMESILKQIDNKQLQGYLSELRPVTIVFVNLMFEDQDKAEEIGPAIQDAYMHITSVLKIFQGQINKVFMFDKGCSFLCVFGFPGEKVPDELTHALECAMDIFDFCSQVHKIQTVSIGVASGIVFCGIVGHTVRHEYTVIGQKVNLAARMMMYYPGIVTCDSVTYNGSNLPAYFFKELPKKVMKGVADSGPLYQYWGRTEKVMFGMACLICNRKEDYPLLGRNKEINYFMYTMKKFLISNSSQVLMYEGLPGYGKSQILMKIEYLAQGKNHRIIAISLNKISFHQTFYTIQMFMANVLGLDTCKHYKERQTNLRNKVMTLLDEKFYCLLNDIFHVQFPISREISRMSTLKKQKQLEILFMKILKLIVKEERIIFIIDEAQFVDSTSWRFMEKLIRTLPIFIIMSLCPFVNIPCAAARAVIKNRNTTYIVIGAVQPNDISNKICLDLNVSCISKELDSYLGEGSCGIPFYCEELLKNLEHHEVLVFQQTESEEKTNRTWNNLFKYSIKLTEKLNMVTLHSDKESEEVCHLTSGVRLKNLSPPTSLKEISLIQLDSMRLSHQMLVRCAAIIGLTFTTELLFEILPCWNMKMMIKTLATLVESNIFYCFRNGKELQKALKQNDPSFEVHYRSLSLKPSEGMDHGEEEQLRELENEVIECHRIRFCNPMMQKTAYELWLKDQRKAMHLKCARFLEEDAHRCDHCRGRDFIPYHHFTVNIRLNALDMDAIKKMAMSHGFKTEEKLILSNSEIPETSAFFPENRSPEEIREKILNFFDHVLTKMKTSDEDIIPLESCQCEEILEIVILPLAHHFLALGENDKALYYFLEIASAYLIFCDNYMAYMYLNEGQKLLKTLKKDKSWSQTFESATFYSLKGEVCFNMGQIVLAKKMLRKALKLLNRIFPYNLISLFLHIHVEKNRHFHYVNRQAQESPPPGKKRLAQLYRQTVCLSLLWRIYSYSYLFHCKYYAHLAVMMQMNTALETQNCFQIIKAYLDYSLYHHLAGYKGVWFKYEVMAMEHIFNLPLKGEGIEIVAYVAETLVFNKLIMGHLDLAIELGSRALQMWALLQNPNRHYQSLCRLSRCLLLNSRYPQLIQVLGRLWELSVTQEHIFSKAFFYVCLDILLYSGFVYRTFEECLEFIHQYENNRILKFHSGLLLGLYSSVAIWYARLQEWDNFYKFSNRAKNLLPRRTMTLTYYDGISRYMEGQVLHLQKQIKEQSENAQASGEELLKNLENLVAQNTTGPVFCPRLYHLMAYVCILMGDGQKCGLFLNTALRLSETQGNILEKCWLNMNKESWYSTSELKEDQWLQTILSLPSWEKIVAGRVNIQDLQKNKFLMRANTVDNHF,Nc1nc(Cl)cc(-c2nn(C(F)F)cc2Cc2ccccc2OCCN2CCOC[C@@H]2CO)n1 |a:30|,3.301029996,10.1021/acs.jmedchem.2c01133,Enzymes
sAC,Q96PN6,MNTPKEEFQDWPIVRIAAHLPDLIVYGHFSPERPFMDYFDGVLMFVDISGFTAMTEKFSSAMYMDRGAEQLVEILNYHISAIVEKVLIFGGDILKFAGDALLALWRVERKQLKNIITVVIKCSLEIHGLFETQEWEEGLDIRVKIGLAAGHISMLVFGDETHSHFLVIGQAVDDVRLAQNMAQMNDVILSPNCWQLCDRSMIEIESVPDQRAVKVNFLKPPPNFNFDEFFTKCTTFMHYYPSGEHKNLLRLACTLKPDPELEMSLQKYVMESILKQIDNKQLQGYLSELRPVTIVFVNLMFEDQDKAEEIGPAIQDAYMHITSVLKIFQGQINKVFMFDKGCSFLCVFGFPGEKVPDELTHALECAMDIFDFCSQVHKIQTVSIGVASGIVFCGIVGHTVRHEYTVIGQKVNLAARMMMYYPGIVTCDSVTYNGSNLPAYFFKELPKKVMKGVADSGPLYQYWGRTEKVMFGMACLICNRKEDYPLLGRNKEINYFMYTMKKFLISNSSQVLMYEGLPGYGKSQILMKIEYLAQGKNHRIIAISLNKISFHQTFYTIQMFMANVLGLDTCKHYKERQTNLRNKVMTLLDEKFYCLLNDIFHVQFPISREISRMSTLKKQKQLEILFMKILKLIVKEERIIFIIDEAQFVDSTSWRFMEKLIRTLPIFIIMSLCPFVNIPCAAARAVIKNRNTTYIVIGAVQPNDISNKICLDLNVSCISKELDSYLGEGSCGIPFYCEELLKNLEHHEVLVFQQTESEEKTNRTWNNLFKYSIKLTEKLNMVTLHSDKESEEVCHLTSGVRLKNLSPPTSLKEISLIQLDSMRLSHQMLVRCAAIIGLTFTTELLFEILPCWNMKMMIKTLATLVESNIFYCFRNGKELQKALKQNDPSFEVHYRSLSLKPSEGMDHGEEEQLRELENEVIECHRIRFCNPMMQKTAYELWLKDQRKAMHLKCARFLEEDAHRCDHCRGRDFIPYHHFTVNIRLNALDMDAIKKMAMSHGFKTEEKLILSNSEIPETSAFFPENRSPEEIREKILNFFDHVLTKMKTSDEDIIPLESCQCEEILEIVILPLAHHFLALGENDKALYYFLEIASAYLIFCDNYMAYMYLNEGQKLLKTLKKDKSWSQTFESATFYSLKGEVCFNMGQIVLAKKMLRKALKLLNRIFPYNLISLFLHIHVEKNRHFHYVNRQAQESPPPGKKRLAQLYRQTVCLSLLWRIYSYSYLFHCKYYAHLAVMMQMNTALETQNCFQIIKAYLDYSLYHHLAGYKGVWFKYEVMAMEHIFNLPLKGEGIEIVAYVAETLVFNKLIMGHLDLAIELGSRALQMWALLQNPNRHYQSLCRLSRCLLLNSRYPQLIQVLGRLWELSVTQEHIFSKAFFYVCLDILLYSGFVYRTFEECLEFIHQYENNRILKFHSGLLLGLYSSVAIWYARLQEWDNFYKFSNRAKNLLPRRTMTLTYYDGISRYMEGQVLHLQKQIKEQSENAQASGEELLKNLENLVAQNTTGPVFCPRLYHLMAYVCILMGDGQKCGLFLNTALRLSETQGNILEKCWLNMNKESWYSTSELKEDQWLQTILSLPSWEKIVAGRVNIQDLQKNKFLMRANTVDNHF,Nc1nc(Cl)cc(-c2nn(C(F)F)cc2Cc2ccccc2OCCN2CCOC[C@H]2CO)n1 |a:30|,3.397940009,10.1021/acs.jmedchem.2c01133,Enzymes
V2R,P30518,MLMASTTSAVPGHPSLPSLPSNSSQERPLDTRDPLLARAELALLSIVFVAVALSNGLVLAALARRGRRGHWAPIHVFIGHLCLADLAVALFQVLPQLAWKATDRFRGPDALCRAVKYLQMVGMYASSYMILAMTLDRHRAICRPMLAYRHGSGAHWNRPVLVAWAFSLLLSLPQLFIFAQRNVEGGSGVTDCWACFAEPWGRRTYVTWIALMVFVAPTLGIAACQVLIFREIHASLVPGPSERPGGRRRGRRTGSPGEGAHVSAAVAKTVRMTLVIVVVYVLCWAPFFLVQLWAAWDPEAPLEGAPFVLLMLLASLNSCTNPWIYASFSSSVSSELRSLLCCARGRTPPSLGPQDESCTTASSSLAKDTSS,ClC1=CC(C(NCCN2CCOCC2)CCCN3C(C4=C(C)C=C(NC(C5=C(C)C=CC=C5)=O)C=C4)=O)=C3C=C1,3.106053392,10.1021/acs.jmedchem.2c00011,GPCRs
V2R,P30518,MLMASTTSAVPGHPSLPSLPSNSSQERPLDTRDPLLARAELALLSIVFVAVALSNGLVLAALARRGRRGHWAPIHVFIGHLCLADLAVALFQVLPQLAWKATDRFRGPDALCRAVKYLQMVGMYASSYMILAMTLDRHRAICRPMLAYRHGSGAHWNRPVLVAWAFSLLLSLPQLFIFAQRNVEGGSGVTDCWACFAEPWGRRTYVTWIALMVFVAPTLGIAACQVLIFREIHASLVPGPSERPGGRRRGRRTGSPGEGAHVSAAVAKTVRMTLVIVVVYVLCWAPFFLVQLWAAWDPEAPLEGAPFVLLMLLASLNSCTNPWIYASFSSSVSSELRSLLCCARGRTPPSLGPQDESCTTASSSLAKDTSS,ClC1=CC(C(NCCCN2CCOCC2)CCCN3C(C4=C(C)C=C(NC(C5=C(C)C=CC=C5)=O)C=C4)=O)=C3C=C1,3.165367394,10.1021/acs.jmedchem.2c00011,GPCRs
V2R,P30518,MLMASTTSAVPGHPSLPSLPSNSSQERPLDTRDPLLARAELALLSIVFVAVALSNGLVLAALARRGRRGHWAPIHVFIGHLCLADLAVALFQVLPQLAWKATDRFRGPDALCRAVKYLQMVGMYASSYMILAMTLDRHRAICRPMLAYRHGSGAHWNRPVLVAWAFSLLLSLPQLFIFAQRNVEGGSGVTDCWACFAEPWGRRTYVTWIALMVFVAPTLGIAACQVLIFREIHASLVPGPSERPGGRRRGRRTGSPGEGAHVSAAVAKTVRMTLVIVVVYVLCWAPFFLVQLWAAWDPEAPLEGAPFVLLMLLASLNSCTNPWIYASFSSSVSSELRSLLCCARGRTPPSLGPQDESCTTASSSLAKDTSS,ClC1=CC(C(NCCCCN2CCOCC2)CCCN3C(C4=C(C)C=C(NC(C5=C(C)C=CC=C5)=O)C=C4)=O)=C3C=C1,2.869666232,10.1021/acs.jmedchem.2c00011,GPCRs
V2R,P30518,MLMASTTSAVPGHPSLPSLPSNSSQERPLDTRDPLLARAELALLSIVFVAVALSNGLVLAALARRGRRGHWAPIHVFIGHLCLADLAVALFQVLPQLAWKATDRFRGPDALCRAVKYLQMVGMYASSYMILAMTLDRHRAICRPMLAYRHGSGAHWNRPVLVAWAFSLLLSLPQLFIFAQRNVEGGSGVTDCWACFAEPWGRRTYVTWIALMVFVAPTLGIAACQVLIFREIHASLVPGPSERPGGRRRGRRTGSPGEGAHVSAAVAKTVRMTLVIVVVYVLCWAPFFLVQLWAAWDPEAPLEGAPFVLLMLLASLNSCTNPWIYASFSSSVSSELRSLLCCARGRTPPSLGPQDESCTTASSSLAKDTSS,ClC1=CC(C(NCCCCCN2CCOCC2)CCCN3C(C4=C(C)C=C(NC(C5=C(C)C=CC=C5)=O)C=C4)=O)=C3C=C1,2.926892902,10.1021/acs.jmedchem.2c00011,GPCRs
V2R,P30518,MLMASTTSAVPGHPSLPSLPSNSSQERPLDTRDPLLARAELALLSIVFVAVALSNGLVLAALARRGRRGHWAPIHVFIGHLCLADLAVALFQVLPQLAWKATDRFRGPDALCRAVKYLQMVGMYASSYMILAMTLDRHRAICRPMLAYRHGSGAHWNRPVLVAWAFSLLLSLPQLFIFAQRNVEGGSGVTDCWACFAEPWGRRTYVTWIALMVFVAPTLGIAACQVLIFREIHASLVPGPSERPGGRRRGRRTGSPGEGAHVSAAVAKTVRMTLVIVVVYVLCWAPFFLVQLWAAWDPEAPLEGAPFVLLMLLASLNSCTNPWIYASFSSSVSSELRSLLCCARGRTPPSLGPQDESCTTASSSLAKDTSS,ClC1=CC(C(NCCCC2=CC=NC=C2)CCCN3C(C4=C(C)C=C(NC(C5=C(C)C=CC=C5)=O)C=C4)=O)=C3C=C1,2.903089987,10.1021/acs.jmedchem.2c00011,GPCRs
V2R,P30518,MLMASTTSAVPGHPSLPSLPSNSSQERPLDTRDPLLARAELALLSIVFVAVALSNGLVLAALARRGRRGHWAPIHVFIGHLCLADLAVALFQVLPQLAWKATDRFRGPDALCRAVKYLQMVGMYASSYMILAMTLDRHRAICRPMLAYRHGSGAHWNRPVLVAWAFSLLLSLPQLFIFAQRNVEGGSGVTDCWACFAEPWGRRTYVTWIALMVFVAPTLGIAACQVLIFREIHASLVPGPSERPGGRRRGRRTGSPGEGAHVSAAVAKTVRMTLVIVVVYVLCWAPFFLVQLWAAWDPEAPLEGAPFVLLMLLASLNSCTNPWIYASFSSSVSSELRSLLCCARGRTPPSLGPQDESCTTASSSLAKDTSS,ClC1=CC(C(NCCCN2CCCCC2)CCCN3C(C4=C(C)C=C(NC(C5=C(C)C=CC=C5)=O)C=C4)=O)=C3C=C1,2.380211242,10.1021/acs.jmedchem.2c00011,GPCRs
V2R,P30518,MLMASTTSAVPGHPSLPSLPSNSSQERPLDTRDPLLARAELALLSIVFVAVALSNGLVLAALARRGRRGHWAPIHVFIGHLCLADLAVALFQVLPQLAWKATDRFRGPDALCRAVKYLQMVGMYASSYMILAMTLDRHRAICRPMLAYRHGSGAHWNRPVLVAWAFSLLLSLPQLFIFAQRNVEGGSGVTDCWACFAEPWGRRTYVTWIALMVFVAPTLGIAACQVLIFREIHASLVPGPSERPGGRRRGRRTGSPGEGAHVSAAVAKTVRMTLVIVVVYVLCWAPFFLVQLWAAWDPEAPLEGAPFVLLMLLASLNSCTNPWIYASFSSSVSSELRSLLCCARGRTPPSLGPQDESCTTASSSLAKDTSS,ClC1=CC(C(NCCC(N2CCOCC2)=O)CCCN3C(C4=C(C)C=C(NC(C5=C(C)C=CC=C5)=O)C=C4)=O)=C3C=C1,2.736758565,10.1021/acs.jmedchem.2c00011,GPCRs
V2R,P30518,MLMASTTSAVPGHPSLPSLPSNSSQERPLDTRDPLLARAELALLSIVFVAVALSNGLVLAALARRGRRGHWAPIHVFIGHLCLADLAVALFQVLPQLAWKATDRFRGPDALCRAVKYLQMVGMYASSYMILAMTLDRHRAICRPMLAYRHGSGAHWNRPVLVAWAFSLLLSLPQLFIFAQRNVEGGSGVTDCWACFAEPWGRRTYVTWIALMVFVAPTLGIAACQVLIFREIHASLVPGPSERPGGRRRGRRTGSPGEGAHVSAAVAKTVRMTLVIVVVYVLCWAPFFLVQLWAAWDPEAPLEGAPFVLLMLLASLNSCTNPWIYASFSSSVSSELRSLLCCARGRTPPSLGPQDESCTTASSSLAKDTSS,ClC1=CC(C(NCCCN2CCN(C)CC2)CCCN3C(C4=C(C)C=C(NC(C5=C(C)C=CC=C5)=O)C=C4)=O)=C3C=C1,2.632023215,10.1021/acs.jmedchem.2c00011,GPCRs
V2R,P30518,MLMASTTSAVPGHPSLPSLPSNSSQERPLDTRDPLLARAELALLSIVFVAVALSNGLVLAALARRGRRGHWAPIHVFIGHLCLADLAVALFQVLPQLAWKATDRFRGPDALCRAVKYLQMVGMYASSYMILAMTLDRHRAICRPMLAYRHGSGAHWNRPVLVAWAFSLLLSLPQLFIFAQRNVEGGSGVTDCWACFAEPWGRRTYVTWIALMVFVAPTLGIAACQVLIFREIHASLVPGPSERPGGRRRGRRTGSPGEGAHVSAAVAKTVRMTLVIVVVYVLCWAPFFLVQLWAAWDPEAPLEGAPFVLLMLLASLNSCTNPWIYASFSSSVSSELRSLLCCARGRTPPSLGPQDESCTTASSSLAKDTSS,ClC1=CC(C(NCCCN(CC)CC)CCCN2C(C3=C(C)C=C(NC(C4=C(C)C=CC=C4)=O)C=C3)=O)=C2C=C1,2.602059991,10.1021/acs.jmedchem.2c00011,GPCRs
